title,author,published_date
Название_книги1,Автор1,0001-01-01
Название_книги2,Автор2,0001-01-02
Название_книги3,Автор3,0001-01-03
Название_книги4,Автор4,0001-01-04
Название_книги5,Автор5,0001-01-05
Название_книги6,Автор6,0001-01-06
Название_книги7,Автор7,0001-01-07
Название_книги8,Автор8,0001-01-08
Название_книги9,Автор9,0001-01-09
Название_книги10,Автор10,0001-01-10
Название_книги11,Автор11,0001-01-11
Название_книги12,Автор12,0001-01-12
Название_книги13,Автор13,0001-01-13
Название_книги14,Автор14,0001-01-14
Название_книги15,Автор15,0001-01-15
Название_книги16,Автор16,0001-01-16
Название_книги17,Автор17,0001-01-17
Название_книги18,Автор18,0001-01-18
Название_книги19,Автор19,0001-01-19
Название_книги20,Автор20,0001-01-20
Название_книги21,Автор21,0001-01-21
Название_книги22,Автор22,0001-01-22
Название_книги23,Автор23,0001-01-23
Название_книги24,Автор24,0001-01-24
Название_книги25,Автор25,0001-01-25
Название_книги26,Автор26,0001-01-26
Название_книги27,Автор27,0001-01-27
Название_книги28,Автор28,0001-01-28
Название_книги29,Автор29,0001-01-29
Название_книги30,Автор30,0001-01-30
Название_книги31,Автор31,0001-02-01
Название_книги32,Автор32,0001-02-02
Название_книги33,Автор33,0001-02-03
Название_книги34,Автор34,0001-02-04
Название_книги35,Автор35,0001-02-05
Название_книги36,Автор36,0001-02-06
Название_книги37,Автор37,0001-02-07
Название_книги38,Автор38,0001-02-08
Название_книги39,Автор39,0001-02-09
Название_книги40,Автор40,0001-02-10
Название_книги41,Автор41,0001-02-11
Название_книги42,Автор42,0001-02-12
Название_книги43,Автор43,0001-02-13
Название_книги44,Автор44,0001-02-14
Название_книги45,Автор45,0001-02-15
Название_книги46,Автор46,0001-02-16
Название_книги47,Автор47,0001-02-17
Название_книги48,Автор48,0001-02-18
Название_книги49,Автор49,0001-02-19
Название_книги50,Автор50,0001-02-20
Название_книги51,Автор51,0001-02-21
Название_книги52,Автор52,0001-02-22
Название_книги53,Автор53,0001-02-23
Название_книги54,Автор54,0001-02-24
Название_книги55,Автор55,0001-02-25
Название_книги56,Автор56,0001-02-26
Название_книги57,Автор57,0001-02-27
Название_книги58,Автор58,0001-02-28
Название_книги59,Автор59,0001-04-29
Название_книги60,Автор60,0001-03-01
Название_книги61,Автор61,0001-03-02
Название_книги62,Автор62,0001-03-03
Название_книги63,Автор63,0001-03-04
Название_книги64,Автор64,0001-03-05
Название_книги65,Автор65,0001-03-06
Название_книги66,Автор66,0001-03-07
Название_книги67,Автор67,0001-03-08
Название_книги68,Автор68,0001-03-09
Название_книги69,Автор69,0001-03-10
Название_книги70,Автор70,0001-03-11
Название_книги71,Автор71,0001-03-12
Название_книги72,Автор72,0001-03-13
Название_книги73,Автор73,0001-03-14
Название_книги74,Автор74,0001-03-15
Название_книги75,Автор75,0001-03-16
Название_книги76,Автор76,0001-03-17
Название_книги77,Автор77,0001-03-18
Название_книги78,Автор78,0001-03-19
Название_книги79,Автор79,0001-03-20
Название_книги80,Автор80,0001-03-21
Название_книги81,Автор81,0001-03-22
Название_книги82,Автор82,0001-03-23
Название_книги83,Автор83,0001-03-24
Название_книги84,Автор84,0001-03-25
Название_книги85,Автор85,0001-03-26
Название_книги86,Автор86,0001-03-27
Название_книги87,Автор87,0001-03-28
Название_книги88,Автор88,0001-03-29
Название_книги89,Автор89,0001-03-01
Название_книги90,Автор90,0001-03-02
Название_книги91,Автор91,0001-03-03
Название_книги92,Автор92,0001-03-04
Название_книги93,Автор93,0001-03-05
Название_книги94,Автор94,0001-03-06
Название_книги95,Автор95,0001-03-07
Название_книги96,Автор96,0001-03-08
Название_книги97,Автор97,0001-03-09
Название_книги98,Автор98,0001-03-10
Название_книги99,Автор99,0001-03-11
Название_книги100,Автор100,0001-03-12